code,name
00274,复兴亚洲
01559,均安控股
08213,荣晖控股
00856,伟仕佳杰
02391,涂鸦智能-W
06633,青瓷游戏
08198,加幂科技
08635,连成科技集团
00544,大同集团
08017,捷利交易宝
00312,岁宝百货
08093,瓦普思瑞元宇宙
01686,新意网集团
02342,京信通信
00622,威华达控股
02329,国瑞健康
01760,英恒科技
08076,新利软件
02127,汇森股份
08422,WT集团
02440,濠暻科技
01232,金轮天地控股
01007,龙辉国际控股
01633,上谕集团
00059,天誉置业
00697,首程控股
00552,中国通信服务
09878,汇通达网络
01182,胜龙国际
08098,昌利控股
09899,网易云音乐
01328,金涌投资
08297,海纳星空科技
00227,第一上海
00763,中兴通讯
06181,老铺黄金
06610,飞天云动
01675,亚信科技
00875,从玉智农
09626,哔哩哔哩-W
01259,未来发展控股
08532,宝发控股
00762,中国联通
80992,联想集团-R
00992,联想集团
08456,民信国际控股
08189,泰达生物
02722,重庆机电
08143,金威医疗
00230,五矿地产
09988,阿里巴巴-W
08249,瑞远智控
02339,京西国际
89988,阿里巴巴-WR
00909,明源云
02522,一脉阳光
01621,域高国际控股
00862,远见控股
06922,康沣生物-B
06990,科伦博泰生物-B
00046,科联系统
02178,百勤油服
07226,南方两倍做多恒生科技
00491,英皇文化产业
00728,中国电信
03848,浩森金融科技
00295,江山控股
02146,荣万家
06869,长飞光纤光缆
02112,恩典生命科技
08057,麦迪森控股
03896,金山云
01651,津上机床中国
06628,创胜集团-B
06160,百济神州
08490,骏码半导体
08282,智傲控股
01226,中国投融资
00132,兴业控股
09698,万国数据-SW
06978,永泰生物-B
09959,联易融科技-W
01446,鸿福堂
00731,建发新胜
02276,康耐特光学
00264,中联发展控股
03759,康龙化成
01873,维亚生物
00641,中国恒天立信国际
00376,云锋金融
00417,谢瑞麟
00106,朗诗绿色管理
09688,再鼎医药
00707,亚洲电视控股
00179,德昌电机控股
01679,瑞斯康集团
08200,修身堂
02415,梅斯健康
01472,生兴控股
00726,筑友智造科技
01348,滉达富控股
03398,华鼎控股
00354,中国软件国际
00993,华融金控
09686,熙康云医院
09689,金泰丰国际控股
03818,中国动向
01347,华虹半导体
08623,中国蜀塔
08545,佰悦集团
00040,金山科技工业
06996,德琪医药-B
06100,同道猎聘
00704,和嘉控股
09898,微博-SW
00899,中加国信
08087,中国三三传媒
00020,商汤-W
06855,亚盛医药-B
03396,联想控股
09900,德益控股
03347,泰格医药
00268,金蝶国际
01058,南粤控股
00522,ASMPT
00148,建滔集团
00596,浪潮数字企业
02390,知乎-W
00756,森美控股
09880,优必选
00025,CHEVALIER INT'L
08280,中国数字视频
03692,翰森制药
80020,商汤-WR
01082,源宇宙教育
02336,硕奥国际
00861,神州控股
00498,蓝河控股
00981,中芯国际
00476,科轩动力控股
02358,久融控股
02088,西王置业
01815,金猫银猫
07288,南方两倍看多国指
00218,申万宏源香港
07200,南方两倍看多恒指
09926,康方生物
01903,JBB BUILDERS
01060,阿里影业
03393,威胜控股
02015,理想汽车-W
01024,快手-W
01685,博耳电力
03337,安东油田服务
00031,航天控股
02105,来凯医药-B
03928,中国新零售供应链
01498,培力农本方
00825,新世界百货中国
06608,百融云-W
09991,宝尊电商-W
81024,快手-WR
06060,众安在线
00532,WKK INTL (HOLD)
03900,绿城中国
03931,中创新航
06877,CLSA PREMIUM
00388,香港交易所
01701,途屹控股
02269,药明生物
01729,汇聚科技
00013,和黄医药
01846,德视佳
08132,百能国际能源
00750,水发兴业能源
80388,香港交易所-R
06909,百得利控股
02552,华领医药-B
06088,FIT HON TENG
03033,南方恒生科技
06998,嘉和生物-B
03366,华侨城(亚洲)
01661,中国前沿科技集团
02826,GX中国云算
09998,光荣控股
06966,中国万桐园
00979,绿色能源科技集团
03067,安硕恒生科技
00017,新世界发展
07234,博时两倍做多中国创业板
01848,中国飞机租赁
03088,华夏恒生科技
01080,胜利管道
01548,金斯瑞生物科技
02066,盛京银行
03032,恒生科技ETF
01709,德林控股
01316,耐世特
09067,安硕恒生科技-U
09826,GX中国云算-U
02837,GX恒生科技
09812,三星中国龙网-U
02858,易鑫集团
00232,大陆航空科技控股
00660,玮俊生物科技
02556,迈富时
09151,PP科创50-U
09088,华夏恒生科技-U
08120,国农金融投资
03321,伟鸿集团控股
02162,康诺亚-B
00700,腾讯控股
01050,嘉利国际
03151,PP科创50
01888,建滔积层板
01801,信达生物
02338,潍柴动力
03109,南方科创板50
08309,万成环球控股
09069,华夏恒生生科-U
00187,京城机电股份
00343,文化传信
08293,星亚控股
08018,汇财金融投资
01470,富一国际控股
02832,博时科创50
02212,高鹏矿业
01640,瑞诚中国传媒
06908,宏光半导体
80700,腾讯控股-R
09958,力天影业
06066,中信建投证券
03833,新疆新鑫矿业
02699,新明中国
01385,上海复旦
08379,懒猪科技
02359,药明康德
08603,亮晴控股
00521,CWT INT'L
06682,第四范式
09966,康宁杰瑞制药-B
02022,游莱互动
01683,旷逸国际
00206,华商能源
00819,天能动力
01541,宜明昂科-B
83151,PP科创50-R
01875,东曜药业-B
01530,三生制药
00690,联康生物科技集团
02209,喆丽控股
02812,三星中国龙网
02618,京东物流
00772,阅文集团
06988,乐享集团
02400,心动公司
02299,百宏实业
01608,伟能集团
00385,建联集团
08480,飞霓控股
09868,小鹏汽车-W
01490,车市科技
02498,速腾聚创
08308,古兜控股
02125,稻草熊娱乐
01669,环球信贷集团
01776,广发证券
02482,维天运通
01690,立基工程控股
00243,QPL INT'L
82832,博时科创50-R
01299,友邦保险
02392,玄武云
01842,植华集团
01732,象兴国际
00484,云游控股
08491,COOL LINK
02885,彼岸控股
00746,理文化工
02410,同源康医药-B
01428,耀才证券金融
01253,中国绿地博大绿泽
01132,橙天嘉禾
00439,光启科学
00356,鼎立资本
01810,小米集团-W
08035,骏高控股
09618,京东集团-SW
00279,裕承科金
00156,力宝华润
03888,金山软件
09663,国鸿氢能
08227,海天天线
03933,联邦制药
00806,惠理集团
00945,宏利金融-S
08221,高裕金融
08081,恒泰裕集团
08040,快意智能
06886,华泰证券
09995,荣昌生物
03069,华夏恒生生科
02288,宏基资本
01413,铸帝控股
01406,清晰医疗
06128,烯石电车新材料
02030,卡宾
02825,标智香港100
00241,阿里健康
00674,中国唐商
00216,建业实业
06099,招商证券
08083,有赞
01167,加科思-B
06189,爱得威建设集团
00328,ALCO HOLDINGS
02801,安硕中国
01336,新华保险
81299,友邦保险-R
02616,基石药业-B
00089,大生地产
02100,百奥家庭互动
81211,比亚迪股份-R
09888,百度集团-SW
02820,GX中国生科
01211,比亚迪股份
03738,阜博集团
00165,中国光大控股
08271,环球数码创意
00403,星光集团
02222,雷士国际
09866,蔚来-SW
02157,乐普生物-B
81810,小米集团-WR
00030,云白国际
01877,君实生物
09173,PP中新经济-U
02501,迈越科技
03193,南方中证5G
02423,贝壳-W
89618,京东集团-SWR
09820,GX中国生科-U
03403,华夏恒ESG
02835,辉立香港新股
00563,上实城市开发
00400,硬蛋创新
03182,标智新经济ESG
89888,百度集团-SWR
08217,万民好物
03167,工银南方中国
01788,国泰君安国际
02888,渣打集团
01061,亿胜生物科技
01792,CMON
06699,时代天使
01030,新城发展
03039,易方达恒指ESG
00818,高阳科技
01908,建发国际集团
06618,京东健康
02057,中通快递-W
00180,开达集团
03050,GX中国全球领导
02828,恒生中国企业
00839,中教控股
06928,万马控股
01592,基石控股
00838,亿和控股
00072,超媒体控股
09801,安硕中国-U
00085,中电华大科技
03678,弘业期货
01425,捷隆控股
00777,网龙
06178,光大证券
01272,大唐环境
03136,恒指ESGETF
00366,陆氏集团(越南)
02800,盈富基金
01286,鹰普精密
09040,GX中国-U
02268,药明合联
02383,TOM集团
09807,GX中国机智-U
00023,东亚银行
06030,中信证券
01302,先健科技
08286,长城微光
03037,南方恒指ETF
02480,绿竹生物-B
08645,比特元宇宙
08326,同景新能源
02298,都市丽人
01496,亚积邦租赁
01122,庆铃汽车股份
00111,信达国际控股
02696,复宏汉霖
01539,知行集团控股
03040,GX中国
03174,南方医疗健康
00256,冠城钟表珠宝
02245,力勤资源
00104,ASIA COMM HOLD
02869,绿城服务
02628,中国人寿
03690,美团-W
06806,申万宏源
08328,信义储电
02012,阳光油砂
82828,恒生中国企业-R
00893,中国铁钛
00425,敏实集团
03115,安硕恒生指数
09191,GX中国半导-U
06616,环球新材国际
09983,建业新生活
00933,非凡领越
00928,帝王国际投资
00042,东北电气
09115,安硕恒生指数-U
03173,PP中新经济
82800,盈富基金-R
00653,卓悦控股
06669,先瑞达医疗-B
86618,京东健康-R
02187,智欣集团控股
01372,中国碳中和
03191,GX中国半导
03029,GX恒生ESG
01911,华兴资本控股
03650,KEEP
01519,极兔速递-W
02838,恒生富时中国50
01375,中州证券
03958,东方证券
02845,GX中国电车
08245,善裕集团控股
06069,盛业
02318,中国平安
02107,第一服务控股
01720,普天通信集团
00090,普星能量
00258,汤臣集团
09923,移卡
00159,布莱克万矿业
00123,越秀地产
09167,工银南方中国-U
00285,比亚迪电子
01723,港亚控股
08428,汉诺佳池
06882,东瀛游
02483,K CASH集团
01102,环能国际
02807,GX中国机智
01979,天宝集团
09668,渤海银行
02142,和铂医药-B
02455,润华服务
83167,工银南方中国-R
09992,泡泡玛特
08348,滨海泰达物流
03836,和谐汽车
02421,嘉创地产
01894,恒益控股
01580,大森控股
01200,美联集团
01173,威高国际
07233,南方两倍做多沪深300
03147,X南方中创业
09845,GX中国电车-U
02815,GX中国小巨人
00334,华显光电
83115,安硕恒生指数-R
03999,大成食品
01326,传递娱乐
02252,微创机器人-B
01049,时富投资
00131,卓能(集团)
02251,鹰瞳科技-B
00370,国华
00931,中国港能
00831,利亚零售
00717,英皇资本
00582,神话世界
00590,六福集团
00327,百富环球
00298,庄士中国
02385,读书郎
01692,登辉控股
00585,意力国际
03908,中金公司
02418,德银天下
01481,竣球控股
01300,俊知集团
00754,合生创展集团
00780,同程旅行
00696,中国民航信息网络
00941,中国移动
01657,桦欣控股
00029,达力集团
01292,长安民生物流
09669,北森控股
02322,新质数字
01243,宏安地产
01202,四威科技
00309,新华通讯频媒
01735,中环新能源
01250,山高新能源
00798,中电光谷
00353,能源国际投资
00018,东方企控集团
01981,华夏控股
01833,平安好医生
00966,中国太平
09969,诺诚健华
00222,闽信集团
01180,汇彩控股
01319,霭华押业信贷
01094,承辉国际
09911,赤子城科技
02799,中信金融资产
02393,巨星医疗控股
02211,大健康国际
01456,国联证券
02002,阳光纸业
00008,电讯盈科
02517,锅圈
02601,中国太保
08250,丝路能源
00855,中国水务
00076,谊砾控股
06666,恒大物业
01478,丘钛科技
01070,TCL电子
08115,上海青浦消防
00401,万嘉集团
00553,南京熊猫电子股份
00199,德祥地产
82318,中国平安-R
08423,CHI HO DEV
03626,HSSP INTL
02451,绿源集团控股
09863,零跑汽车
02256,和誉-B
83147,X南方中创业-R
08128,中国恒有源集团
01327,励时集团
00907,高雅光学
00471,中播数据
00138,中建富通
00011,恒生银行
02158,医渡科技
02633,雅各臣科研制药
00666,瑞浦兰钧
02450,淮北绿金股份
01141,民银资本
80941,中国移动-R
01109,华润置地
08270,中国煤层气
02376,鲁商服务
02202,万科企业
00669,创科实业
02166,芯智控股
08168,宝积资本
00712,卡姆丹克太阳能
00628,通通AI社交
01357,美图公司
01783,晋景新能
01949,佰达国际控股
00506,中国食品
02270,德商产投服务
03172,A三星亚太元宇宙
00752,PICO FAR EAST
03311,中国建筑国际
02096,先声药业
01749,杉杉品牌
06058,兴证国际
03788,中国罕王
00881,中升控股
08153,嘉鼎国际集团
02511,君圣泰医药-B
02411,百果园集团
00810,中国铸晨81
01880,中国中免
03668,兖煤澳大利亚
01057,浙江世宝
01762,万咖壹联
01910,新秀丽
01349,复旦张江
02238,广汽集团
01896,猫眼娱乐
00580,赛晶科技
08060,国联通信
00679,亚洲联网科技
09181,PP亚洲创科-U
06896,金嗓子
00422,越南制造加工出口
00136,中国儒意
00028,天安
00237,安全货仓
03969,中国通号
02477,经纬天地
08042,高奥士国际
00686,北京能源国际
00360,新焦点
00412,山高控股
09890,中旭未来
01883,中信国际电讯
00623,中视金桥
02507,西锐
03860,EPS创健科技
02189,嘉涛(香港)控股
00621,坛金矿业
00547,数字王国
02313,申洲国际
09690,途虎-W
02381,蚬壳电业
03181,PP亚洲创科
02789,远大中国
06038,信越控股
02232,晶苑国际
02018,瑞声科技
00817,中国金茂
00114,HERALD HOLD
01093,石药集团
08427,万顺瑞强集团
01282,中泽丰
09989,海普瑞
02839,华夏A50
01079,松景科技
00617,百利保控股
02315,百奥赛图-B
03005,X南方中五百
00288,万洲国际
02135,瑞丽医美
01098,路劲
00884,旭辉控股集团
80011,恒生银行-R
08295,金慧科技
02196,复星医药
00464,中国智能科技
00191,丽新国际
01870,益美国际控股
08476,大洋环球控股
01075,首都信息
08460,基地锦标集团
01727,河北建设
83690,美团-WR
00799,IGG
06055,中烟香港
02039,中集集团
03133,南方沪深三百
00871,中国疏浚环保
03319,雅生活服务
02110,天成控股
02001,新高教集团
01741,成志控股
00896,兴胜创建
00683,嘉里建设
09696,天齐锂业
02176,赛迪顾问
00083,信和置业
09839,华夏A50-U
03328,交通银行
01980,天鸽互动
01837,五谷磨房
01689,华禧控股
00887,英皇钟表珠宝
03139,AGX电车
02469,粉笔
01753,兑吧
03111,易方达A50
02503,中深建业
01059,看通集团
03899,中集安瑞科
01314,翠华控股
03316,滨江服务
00631,三一国际
03003,南方明晟A50
06049,保利物业
08356,进业控股
08205,交大慧谷
02153,达丰设备
09010,安硕亚洲除日-U
02611,国泰君安
02357,中航科工
02827,标智沪深300
09042,华夏比特币-U
03816,KFM金德
02292,晋安实业
02161,健倍苗苗
01606,国银金租
00290,国富创新
02179,瑞科生物-B
06821,凯莱英
00004,九龙仓集团
02076,BOSS直聘-W
07232,富邦两倍做多富时台湾
03135,FA三星比特币
09846,安硕沪深三百-U
08137,洪桥集团
06677,远洋服务
00096,YUSEI
03188,华夏沪深三百
01929,周大福
06680,金力永磁
83005,X南方中五百-R
01995,永升服务
08139,长安仁恒
01393,恒鼎实业
03036,TR台湾
01772,赣锋锂业
01769,思考乐教育
01696,复锐医疗科技
01148,新晨动力
01918,融创中国
03913,合景悠活
01718,宏基集团控股
09072,日兴环球联网-U
06098,碧桂园服务
01970,IMAX CHINA
02846,安硕沪深三百
01869,猫屎咖啡控股
01710,致丰工业电子
03189,易方达白酒
06823,香港电讯-SS
02347,友和集团
01397,碧瑶绿色集团
00329,东建国际
03012,东汇香港35
02495,声通科技
06826,昊海生物科技
01177,中国生物制药
01143,中国储能科技发展
00026,中华汽车
00434,博雅互动
00853,微创医疗
02779,中国新华教育
00828,王朝酒业
02823,安硕A50
02798,久泰邦达能源
01996,弘阳地产
01273,香港信贷
02499,佛朗斯股份
01890,中国科培
02486,普乐师集团控股
03130,恒生沪深三百
00677,金源发展国际实业
00459,鋑联控股
00129,泛海集团
03437,博时央企红利
00823,领展房产基金
02228,晶泰控股-P
83188,华夏沪深三百-R
08095,北大青鸟环宇
02131,云想科技
02009,金隅集团
09439,嘉实比特币-U
01913,普拉达
03066,FA南方比特币
02427,GUANZE MEDICAL
01947,美皓集团
01766,中国中车
01084,绿新亲水胶体
01001,沪港联合
06963,阳光保险
03369,秦港股份
06881,中国银河
01916,江西银行
01697,山东国信
00918,龙翼航空科技
00108,国锐生活
02382,舜宇光学科技
02111,超盈国际控股
83118,嘉实明晟A股-R
06860,指尖悦动
06033,电讯数码控股
01713,四川能投发展
00302,中手游
00088,TAI CHEUNG HOLD
03118,嘉实明晟A股
02666,环球医疗
00133,招商局中国基金
06127,昭衍新药
01289,盛力达科技
00119,保利置业集团
03008,博时比特币
09600,新纽科技
02822,南方A50
02389,北京健康
02330,中国上城
02237,中国石墨
02233,西部水泥
01228,北海康成-B
00560,珠江船务
00201,华大酒店
00196,宏华集团
03128,恒生A股龙头
06036,光丽科技
01708,三宝科技
00084,宝光实业
01660,兆邦基生活
82839,华夏A50-R
02378,保诚
82846,安硕沪深三百-R
02000,晨讯科技
00897,位元堂
00618,北大资源
03320,华润医药
02881,武汉有机
01643,现代中药集团
01036,万科海外
00511,电视广播
01726,HKE HOLDINGS
03108,嘉实ESG领
09916,兴业物联
08507,爱世纪集团
01782,国际商业数字技术
00512,远大医药
09074,安硕MS台湾-U
09909,宝龙商业
08079,仍志集团控股
02302,中核国际
01977,安乐工程
01418,盛诺集团
00990,荣晖国际
00809,大成生化科技
09008,博时比特币-U
02663,应力控股
02216,堃博医疗-B
00236,香港生力啤
83111,易方达A50-R
03010,安硕亚洲除日
01516,融创服务
00118,大同机械
01658,邮储银行
03190,富邦沪深港高股息
01778,彩生活
01176,珠光控股
01405,达势股份
09999,网易-S
01591,汛和集团
01072,东方电气
01695,椰丰集团
00103,首佳科技
01816,中广核电力
00676,创信国际
83130,恒生沪深三百-R
08368,中国创意控股
00480,香港兴业国际
03439,嘉实比特币
02356,大新银行集团
00816,金茂服务
02531,广联科技控股
08181,时时服务
01831,十方控股
00675,坚宝国际
00081,中国海外宏洋集团
03046,华夏以太币
02841,GX中国医疗科技
02479,天聚地合
01475,日清食品
08066,品创控股
02516,泛远国际
03074,安硕MS台湾
00813,世茂集团
00807,上海实业环境
00399,领航医药生物科技
02210,京城佳业
09901,新东方-S
01508,中国再保险
00691,山水水泥
01028,千百度
02160,心通医疗-B
01270,朗廷-SS
00182,协合新能源
09676,十月稻田
01698,腾讯音乐-SW
83012,东汇香港35-R
02038,富智康集团
00051,海港企业
03996,中国能源建设
02023,中国绿岛科技
00406,有利集团
03068,FA南方以太币
06667,美因基因
03380,龙光集团
01940,CGII HLDGS
00160,汉国置业
00113,迪生创建
03024,标智上证50
02819,ABF港债指数
82823,安硕A50-R
01461,中泰期货
01876,百威亚太
03072,日兴环球联网
02291,心泰医疗
01725,洲际航天科技
00572,未来世界控股
00313,裕田中国(新)
06601,朝云集团
01339,中国人民保险集团
03119,GX亚洲半导体
02221,创业集团控股
83042,华夏比特币-R
03070,平安香港高息
09936,稀美资源
03613,同仁堂国药
03315,金邦达宝嘉
00308,香港中旅
83010,安硕亚洲除日-R
01733,易大宗
01588,畅捷通
01415,高伟电子
01739,齐屹科技
00297,中化化肥
02250,小黄鸭德盈
01399,锐信控股
01855,中庆股份
08516,广骏集团控股
00868,信义玻璃
01378,中国宏桥
01921,达力普控股
09857,柠萌影视
03988,中国银行
82822,南方A50-R
03422,GX创新蓝筹十强
00528,金达控股
00609,天德化工
02848,TR韩国
02128,中国联塑
00225,博富临置业
00936,佳兆业资本
03009,博时以太币
02331,李宁
02186,绿叶制药
01281,鑫达投资控股
02425,澳亚集团
01063,新确科技
03179,嘉实以太币
02777,富力地产
01359,中国信达
01526,瑞慈医疗
09680,如祺出行
03800,协鑫科技
01346,利华控股集团
00808,泓富产业信托
00672,众安集团
00670,中国东方航空股份
03939,万国黄金集团
03306,江南布衣
08471,新达控股
02218,安德利果汁
01925,旷世芳香
00239,白花油
00960,龙湖集团
00293,国泰航空
83128,恒生A股龙头-R
01945,清科创业
03076,富邦台湾半导体
02020,安踏体育
06989,卓越商企服务
03047,F山证铁矿石
00568,山东墨龙
03141,华夏亚投债
09809,GX中国洁能-U
02809,GX中国洁能
03042,华夏比特币
01145,勇利投资
00751,创维集团
00656,复星国际
02333,长城汽车
00175,吉利汽车
01458,周黑鸭
03968,招商银行
02600,中国铝业
02319,蒙牛乳业
01288,农业银行
01179,华住集团-S
00939,建设银行
09961,携程集团-S
02013,微盟集团
02007,碧桂园
00991,大唐发电
00788,中国铁塔
00493,国美零售
09987,百胜中国
00016,新鸿基地产
00998,中信银行
01398,工商银行
00753,中国国航
03323,中国建材
00005,汇丰控股
01368,特步国际
00883,中国海洋石油
01919,中远海控
02899,紫金矿业
06862,海底捞
06690,海尔智家
00291,华润啤酒
03998,波司登
09633,农夫山泉
00520,呷哺呷哺
00027,银河娱乐
00873,世茂服务
06186,中国飞鹤
00168,青岛啤酒股份
06185,康希诺生物
01579,颐海国际
01928,金沙中国有限公司
09922,九毛九
00322,康师傅控股
00914,海螺水泥
01797,东方甄选
06969,思摩尔国际
06865,福莱特玻璃
01138,中远海能
